ticker,cik,filing_type,date,accession,file_path
AAPL,0000320193,10-Q,2026-05-01,0000320193-26-000013,data/sec_filings/AAPL/10-Q_2026-05-01.htm
AAPL,0000320193,10-Q,2026-01-30,0000320193-26-000006,data/sec_filings/AAPL/10-Q_2026-01-30.htm
AAPL,0000320193,10-K,2025-10-31,0000320193-25-000079,data/sec_filings/AAPL/10-K_2025-10-31.htm
AAPL,0000320193,10-Q,2025-08-01,0000320193-25-000073,data/sec_filings/AAPL/10-Q_2025-08-01.htm
AAPL,0000320193,10-Q,2025-05-02,0000320193-25-000057,data/sec_filings/AAPL/10-Q_2025-05-02.htm
AAPL,0000320193,10-K,2024-11-01,0000320193-24-000123,data/sec_filings/AAPL/10-K_2024-11-01.htm
MSFT,0000789019,10-Q,2026-04-29,0001193125-26-191507,data/sec_filings/MSFT/10-Q_2026-04-29.htm
MSFT,0000789019,10-Q,2026-01-28,0001193125-26-027207,data/sec_filings/MSFT/10-Q_2026-01-28.htm
MSFT,0000789019,10-Q,2025-10-29,0001193125-25-256321,data/sec_filings/MSFT/10-Q_2025-10-29.htm
MSFT,0000789019,10-K,2025-07-30,0000950170-25-100235,data/sec_filings/MSFT/10-K_2025-07-30.htm
MSFT,0000789019,10-Q,2025-04-30,0000950170-25-061046,data/sec_filings/MSFT/10-Q_2025-04-30.htm
MSFT,0000789019,10-K,2024-07-30,0000950170-24-087843,data/sec_filings/MSFT/10-K_2024-07-30.htm
AMZN,0001018724,10-Q,2026-04-30,0001018724-26-000014,data/sec_filings/AMZN/10-Q_2026-04-30.htm
AMZN,0001018724,10-K,2026-02-06,0001018724-26-000004,data/sec_filings/AMZN/10-K_2026-02-06.htm
AMZN,0001018724,10-Q,2025-10-31,0001018724-25-000123,data/sec_filings/AMZN/10-Q_2025-10-31.htm
AMZN,0001018724,10-Q,2025-08-01,0001018724-25-000086,data/sec_filings/AMZN/10-Q_2025-08-01.htm
AMZN,0001018724,10-Q,2025-05-02,0001018724-25-000036,data/sec_filings/AMZN/10-Q_2025-05-02.htm
AMZN,0001018724,10-K,2025-02-07,0001018724-25-000004,data/sec_filings/AMZN/10-K_2025-02-07.htm
GOOGL,0001652044,10-Q,2026-04-30,0001652044-26-000048,data/sec_filings/GOOGL/10-Q_2026-04-30.htm
GOOGL,0001652044,10-K,2026-02-05,0001652044-26-000018,data/sec_filings/GOOGL/10-K_2026-02-05.htm
GOOGL,0001652044,10-Q,2025-10-30,0001652044-25-000091,data/sec_filings/GOOGL/10-Q_2025-10-30.htm
GOOGL,0001652044,10-Q,2025-07-24,0001652044-25-000062,data/sec_filings/GOOGL/10-Q_2025-07-24.htm
GOOGL,0001652044,10-Q,2025-04-25,0001652044-25-000043,data/sec_filings/GOOGL/10-Q_2025-04-25.htm
GOOGL,0001652044,10-K,2025-02-05,0001652044-25-000014,data/sec_filings/GOOGL/10-K_2025-02-05.htm
META,0001326801,10-Q,2026-04-30,0001628280-26-028526,data/sec_filings/META/10-Q_2026-04-30.htm
META,0001326801,10-K,2026-01-29,0001628280-26-003942,data/sec_filings/META/10-K_2026-01-29.htm
META,0001326801,10-Q,2025-10-30,0001628280-25-047240,data/sec_filings/META/10-Q_2025-10-30.htm
META,0001326801,10-Q,2025-07-31,0001628280-25-036791,data/sec_filings/META/10-Q_2025-07-31.htm
META,0001326801,10-Q,2025-05-01,0001326801-25-000054,data/sec_filings/META/10-Q_2025-05-01.htm
META,0001326801,10-K,2025-01-30,0001326801-25-000017,data/sec_filings/META/10-K_2025-01-30.htm
TSLA,0001318605,10-Q,2026-04-23,0001628280-26-026673,data/sec_filings/TSLA/10-Q_2026-04-23.htm
TSLA,0001318605,10-K,2026-01-29,0001628280-26-003952,data/sec_filings/TSLA/10-K_2026-01-29.htm
TSLA,0001318605,10-Q,2025-10-23,0001628280-25-045968,data/sec_filings/TSLA/10-Q_2025-10-23.htm
TSLA,0001318605,10-Q,2025-07-24,0001628280-25-035806,data/sec_filings/TSLA/10-Q_2025-07-24.htm
TSLA,0001318605,10-Q,2025-04-23,0001628280-25-018911,data/sec_filings/TSLA/10-Q_2025-04-23.htm
TSLA,0001318605,10-K,2025-01-30,0001628280-25-003063,data/sec_filings/TSLA/10-K_2025-01-30.htm
NVDA,0001045810,10-Q,2026-05-20,0001045810-26-000052,data/sec_filings/NVDA/10-Q_2026-05-20.htm
NVDA,0001045810,10-K,2026-02-25,0001045810-26-000021,data/sec_filings/NVDA/10-K_2026-02-25.htm
NVDA,0001045810,10-Q,2025-11-19,0001045810-25-000230,data/sec_filings/NVDA/10-Q_2025-11-19.htm
NVDA,0001045810,10-Q,2025-08-27,0001045810-25-000209,data/sec_filings/NVDA/10-Q_2025-08-27.htm
NVDA,0001045810,10-Q,2025-05-28,0001045810-25-000116,data/sec_filings/NVDA/10-Q_2025-05-28.htm
NVDA,0001045810,10-K,2025-02-26,0001045810-25-000023,data/sec_filings/NVDA/10-K_2025-02-26.htm
JPM,0000019617,10-Q,2026-05-01,0001628280-26-029344,data/sec_filings/JPM/10-Q_2026-05-01.htm
JPM,0000019617,10-K,2026-02-13,0001628280-26-008131,data/sec_filings/JPM/10-K_2026-02-13.htm
JPM,0000019617,10-Q,2025-11-04,0001628280-25-048859,data/sec_filings/JPM/10-Q_2025-11-04.htm
JPM,0000019617,10-Q,2025-08-05,0000019617-25-000615,data/sec_filings/JPM/10-Q_2025-08-05.htm
JNJ,0000200406,10-Q,2026-04-22,0000200406-26-000087,data/sec_filings/JNJ/10-Q_2026-04-22.htm
JNJ,0000200406,10-K,2026-02-11,0000200406-26-000016,data/sec_filings/JNJ/10-K_2026-02-11.htm
JNJ,0000200406,10-Q,2025-10-22,0000200406-25-000209,data/sec_filings/JNJ/10-Q_2025-10-22.htm
JNJ,0000200406,10-Q,2025-07-24,0000200406-25-000178,data/sec_filings/JNJ/10-Q_2025-07-24.htm
JNJ,0000200406,10-Q,2025-04-23,0000200406-25-000119,data/sec_filings/JNJ/10-Q_2025-04-23.htm
JNJ,0000200406,10-K,2025-02-13,0000200406-25-000038,data/sec_filings/JNJ/10-K_2025-02-13.htm
V,0001403161,10-Q,2026-04-29,0001403161-26-000079,data/sec_filings/V/10-Q_2026-04-29.htm
V,0001403161,10-Q,2026-01-30,0001403161-26-000045,data/sec_filings/V/10-Q_2026-01-30.htm
V,0001403161,10-K,2025-11-06,0001403161-25-000089,data/sec_filings/V/10-K_2025-11-06.htm
V,0001403161,10-Q,2025-07-30,0001403161-25-000052,data/sec_filings/V/10-Q_2025-07-30.htm
V,0001403161,10-Q,2025-04-30,0001403161-25-000037,data/sec_filings/V/10-Q_2025-04-30.htm
V,0001403161,10-K,2024-11-13,0001403161-24-000058,data/sec_filings/V/10-K_2024-11-13.htm
WMT,0000104169,10-Q,2026-05-29,0000104169-26-000102,data/sec_filings/WMT/10-Q_2026-05-29.htm
WMT,0000104169,10-K,2026-03-13,0000104169-26-000055,data/sec_filings/WMT/10-K_2026-03-13.htm
WMT,0000104169,10-Q,2025-12-03,0000104169-25-000191,data/sec_filings/WMT/10-Q_2025-12-03.htm
WMT,0000104169,10-Q,2025-08-29,0000104169-25-000137,data/sec_filings/WMT/10-Q_2025-08-29.htm
WMT,0000104169,10-Q,2025-06-06,0000104169-25-000090,data/sec_filings/WMT/10-Q_2025-06-06.htm
WMT,0000104169,10-K,2025-03-14,0000104169-25-000021,data/sec_filings/WMT/10-K_2025-03-14.htm
PG,0000080424,10-Q,2026-04-24,0000080424-26-000060,data/sec_filings/PG/10-Q_2026-04-24.htm
PG,0000080424,10-Q,2026-01-23,0000080424-26-000011,data/sec_filings/PG/10-Q_2026-01-23.htm
PG,0000080424,10-Q,2025-10-24,0000080424-25-000245,data/sec_filings/PG/10-Q_2025-10-24.htm
PG,0000080424,10-K,2025-08-04,0000080424-25-000076,data/sec_filings/PG/10-K_2025-08-04.htm
PG,0000080424,10-Q,2025-04-24,0000080424-25-000037,data/sec_filings/PG/10-Q_2025-04-24.htm
PG,0000080424,10-K,2024-08-05,0000080424-24-000083,data/sec_filings/PG/10-K_2024-08-05.htm
MA,0001141391,10-Q,2026-04-30,0001141391-26-000031,data/sec_filings/MA/10-Q_2026-04-30.htm
MA,0001141391,10-K,2026-02-11,0001141391-26-000013,data/sec_filings/MA/10-K_2026-02-11.htm
MA,0001141391,10-Q,2025-10-30,0001141391-25-000193,data/sec_filings/MA/10-Q_2025-10-30.htm
MA,0001141391,10-Q,2025-07-31,0001141391-25-000172,data/sec_filings/MA/10-Q_2025-07-31.htm
MA,0001141391,10-Q,2025-05-01,0001141391-25-000090,data/sec_filings/MA/10-Q_2025-05-01.htm
MA,0001141391,10-K,2025-02-12,0001141391-25-000011,data/sec_filings/MA/10-K_2025-02-12.htm
UNH,0000731766,10-Q,2026-05-05,0000731766-26-000127,data/sec_filings/UNH/10-Q_2026-05-05.htm
UNH,0000731766,10-K,2026-03-02,0000731766-26-000062,data/sec_filings/UNH/10-K_2026-03-02.htm
UNH,0000731766,10-Q,2025-10-28,0000731766-25-000305,data/sec_filings/UNH/10-Q_2025-10-28.htm
UNH,0000731766,10-Q,2025-08-11,0000731766-25-000236,data/sec_filings/UNH/10-Q_2025-08-11.htm
UNH,0000731766,10-Q,2025-05-07,0000731766-25-000131,data/sec_filings/UNH/10-Q_2025-05-07.htm
UNH,0000731766,10-K,2025-02-27,0000731766-25-000063,data/sec_filings/UNH/10-K_2025-02-27.htm
KO,0000021344,10-Q,2026-04-30,0001628280-26-028802,data/sec_filings/KO/10-Q_2026-04-30.htm
KO,0000021344,10-K,2026-02-20,0001628280-26-010047,data/sec_filings/KO/10-K_2026-02-20.htm
KO,0000021344,10-Q,2025-10-23,0001628280-25-046054,data/sec_filings/KO/10-Q_2025-10-23.htm
KO,0000021344,10-Q,2025-07-24,0000021344-25-000061,data/sec_filings/KO/10-Q_2025-07-24.htm
KO,0000021344,10-Q,2025-05-01,0000021344-25-000029,data/sec_filings/KO/10-Q_2025-05-01.htm
KO,0000021344,10-K,2025-02-20,0000021344-25-000011,data/sec_filings/KO/10-K_2025-02-20.htm
PFE,0000078003,10-Q,2026-05-05,0000078003-26-000054,data/sec_filings/PFE/10-Q_2026-05-05.htm
PFE,0000078003,10-K,2026-02-26,0000078003-26-000026,data/sec_filings/PFE/10-K_2026-02-26.htm
PFE,0000078003,10-Q,2025-11-04,0000078003-25-000150,data/sec_filings/PFE/10-Q_2025-11-04.htm
PFE,0000078003,10-Q,2025-08-05,0000078003-25-000138,data/sec_filings/PFE/10-Q_2025-08-05.htm
PFE,0000078003,10-Q,2025-05-05,0000078003-25-000114,data/sec_filings/PFE/10-Q_2025-05-05.htm
PFE,0000078003,10-K,2025-02-27,0000078003-25-000054,data/sec_filings/PFE/10-K_2025-02-27.htm
CVX,0000093410,10-Q,2026-05-07,0000093410-26-000113,data/sec_filings/CVX/10-Q_2026-05-07.htm
CVX,0000093410,10-K,2026-02-24,0000093410-26-000078,data/sec_filings/CVX/10-K_2026-02-24.htm
CVX,0000093410,10-Q,2025-11-06,0000093410-25-000108,data/sec_filings/CVX/10-Q_2025-11-06.htm
CVX,0000093410,10-Q,2025-08-07,0000093410-25-000062,data/sec_filings/CVX/10-Q_2025-08-07.htm
CVX,0000093410,10-Q,2025-05-08,0000093410-25-000019,data/sec_filings/CVX/10-Q_2025-05-08.htm
CVX,0000093410,10-K,2025-02-21,0000093410-25-000009,data/sec_filings/CVX/10-K_2025-02-21.htm
CSCO,0000858877,10-Q,2026-05-19,0000858877-26-000078,data/sec_filings/CSCO/10-Q_2026-05-19.htm
CSCO,0000858877,10-Q,2026-02-17,0000858877-26-000021,data/sec_filings/CSCO/10-Q_2026-02-17.htm
CSCO,0000858877,10-Q,2025-11-18,0000858877-25-000171,data/sec_filings/CSCO/10-Q_2025-11-18.htm
CSCO,0000858877,10-K,2025-09-03,0000858877-25-000111,data/sec_filings/CSCO/10-K_2025-09-03.htm
CSCO,0000858877,10-Q,2025-05-20,0000858877-25-000033,data/sec_filings/CSCO/10-Q_2025-05-20.htm
CSCO,0000858877,10-K,2024-09-05,0000858877-24-000017,data/sec_filings/CSCO/10-K_2024-09-05.htm
INTC,0000050863,10-Q,2026-04-24,0000050863-26-000079,data/sec_filings/INTC/10-Q_2026-04-24.htm
INTC,0000050863,10-K,2026-01-23,0000050863-26-000011,data/sec_filings/INTC/10-K_2026-01-23.htm
INTC,0000050863,10-Q,2025-11-06,0000050863-25-000179,data/sec_filings/INTC/10-Q_2025-11-06.htm
INTC,0000050863,10-Q,2025-07-24,0000050863-25-000109,data/sec_filings/INTC/10-Q_2025-07-24.htm
INTC,0000050863,10-Q,2025-04-25,0000050863-25-000074,data/sec_filings/INTC/10-Q_2025-04-25.htm
INTC,0000050863,10-K,2025-01-31,0000050863-25-000009,data/sec_filings/INTC/10-K_2025-01-31.htm
GS,0000886982,10-Q,2026-05-01,0000886982-26-000118,data/sec_filings/GS/10-Q_2026-05-01.htm
GS,0000886982,10-K,2026-02-25,0000886982-26-000091,data/sec_filings/GS/10-K_2026-02-25.htm
GS,0000886982,10-Q,2025-10-31,0000886982-25-001411,data/sec_filings/GS/10-Q_2025-10-31.htm
GS,0000886982,10-Q,2025-08-01,0000886982-25-000022,data/sec_filings/GS/10-Q_2025-08-01.htm
